DisclosureId,JobStartDate,JobEndDate,StateName,CountyName,Latitude,Longitude,Projection,TVD(ft),TVD(Km),TotalBaseWaterVolume,TradeName
1241887f-0d41-42f6-b978-ad6929b6e863,1/2/2025 12:00:00 AM,1/18/2025 12:00:00 AM,Texas,Reeves,31.2137,-103.4621,NAD 83.00,10880,3.316224,29845158,Water
62888b06-19a3-4b6e-bbd2-518a7066fe7e,1/2/2025 12:00:00 AM,1/18/2025 12:00:00 AM,Texas,Reeves,31.2137,-103.4621,NAD 83.00,10897,3.3214056,30241764,B-802
e5b5eb6f-f97a-4ce7-9768-14a3f167f774,1/2/2025 12:00:00 AM,1/18/2025 12:00:00 AM,Texas,Reeves,31.2137,-103.4621,NAD 83.00,10865,3.311652,29785140,33% Enviro-Syn HCR 7000
416a9bc6-6b05-4352-b2ac-7c37d0783bbb,1/3/2025 12:00:00 AM,1/15/2025 12:00:00 AM,Texas,Reeves,31.2124,-103.4841,NAD 83.00,10881,3.3165288,31173450,BioSuite GQ5-2
c1ca8ba5-7973-4c70-8a39-0e427195faca,1/3/2025 12:00:00 AM,1/15/2025 12:00:00 AM,Texas,Reeves,31.2124,-103.4841,NAD 83.00,10877,3.3153096,30115512,Ingredient Container
194492a2-1b04-4304-971a-7b9ef7d794f6,1/8/2025 12:00:00 AM,1/20/2025 12:00:00 AM,Texas,Reeves,31.2153,-103.4821,NAD 83.00,10856,3.3089088,35605752,Sand
6f7e8366-641f-45b3-bc3d-5af6bcb98075,10/12/2024 12:00:00 AM,10/19/2024 12:00:00 AM,Texas,Loving,31.913707,-103.53252,NAD 83.00,12602.9,3.84136392,20362524,Hydrochloric Acid
27d20bd0-0bb5-4d2f-ba9d-58d19bd0e2a7,10/13/2024 4:03:51 AM,10/20/2024 7:16:53 PM,Texas,Loving,31.768561,-103.55622,NAD 83.00,12252,3.7344096,20458242,100 Mesh
c7e58064-a978-462a-8122-34a723609728,10/14/2024 11:38:59 PM,10/30/2024 5:57:23 AM,Texas,Ward,31.570133,-103.32341,NAD 83.00,11211,3.4171128,25018896,VicStim 200-AE-144
efb91c0a-478b-46be-94e7-ec8d33aadb30,10/14/2024 8:10:46 PM,10/29/2024 7:33:30 AM,Texas,Ward,31.57017,-103.32346,NAD 83.00,11203,3.4146744,25463592,VicStim 200-AE-144
44e3d9b1-b6b9-45fe-abe6-a6e604981b78,10/2/2024 11:11:32 PM,10/11/2024 3:50:00 PM,Texas,Winkler,31.936272,-103.3178,NAD 83.00,12500,3.81,22877778,NHV-83
05a3dd80-1147-4d0a-8fb0-82f22d5bf285,10/31/2024 12:00:00 AM,11/14/2024 12:00:00 AM,Texas,Reeves,31.4862,-103.6581,NAD 83.00,10551,3.2159448,25117848,BioSuite GQ5-2
b7b960b8-a01c-472e-9ccc-7ac422f9df4f,10/31/2024 12:00:00 AM,11/14/2024 12:00:00 AM,Texas,Reeves,31.4862,-103.6581,NAD 83.00,10813,3.2958024,25217640,Ingredient Container
bd954bfb-7c98-455d-8ae9-86aff4c17d2a,10/31/2024 12:00:00 AM,11/14/2024 12:00:00 AM,Texas,Reeves,31.4862,-103.6581,NAD 83.00,10561,3.2189928,25142670,Sand
ef292b67-5d50-40d5-b01f-31bdc055f951,11/20/2024 12:00:00 AM,11/29/2024 12:00:00 AM,Texas,Reeves,31.4242,-103.4131,NAD 83.00,11122,3.3899856,26542950,Water
c3d9d517-e9b6-4644-b247-7061a9957825,11/23/2024 11:29:00 AM,12/28/2024 10:41:00 AM,Texas,Reeves,31.225146,-103.33767,NAD 83.00,10800.92,3.292120416,23449579,Ingredient Container
c56240f9-3afa-4c84-8785-701fce02bd32,11/24/2024 10:55:00 AM,12/28/2024 12:00:00 AM,Texas,Reeves,31.225008,-103.33767,NAD 83.00,10611.32,3.234330336,22326639,HAI-501
0eba661b-e85d-4508-a0d5-6f09e075b138,11/24/2024 12:00:00 AM,12/3/2024 12:00:00 AM,Texas,Reeves,31.4224,-103.4211,NAD 83.00,11105,3.384804,24198216,Sand
937ddcef-0d1e-4daa-9c97-69bb5ecb73d7,11/24/2024 12:00:00 AM,12/3/2024 12:00:00 AM,Texas,Reeves,31.4224,-103.4211,NAD 83.00,10649,3.2458152,23520756,HighFlow 26
c04a0554-7941-4f6f-a992-ddcc6f70cae0,11/25/2024 4:44:00 AM,12/28/2024 5:13:33 AM,Texas,Reeves,31.224871,-103.33767,NAD 83.00,10866,3.3119568,22668098,RefinedComp ShaleFlo 153WCP
b91d5dc7-aca2-46f8-837b-f224a2544284,11/4/2024 12:00:00 AM,11/24/2024 12:00:00 AM,Texas,Loving,31.6596,-103.5291,NAD 83.00,11523,3.5122104,23080890,HYDROCHLORIC ACID HCI 18%
f58c0d62-a5a3-489b-9e4e-0eef285019bd,11/4/2024 12:00:00 AM,11/23/2024 12:00:00 AM,Texas,Loving,31.6598,-103.5291,NAD 83.00,11556,3.5222688,23847264,SCW-643
b24e8ffe-2c79-4405-897d-8f59f8486012,11/8/2024 12:00:00 AM,11/22/2024 12:00:00 AM,Texas,Reeves,31.4865,-103.6671,NAD 83.00,10827,3.3000696,25729578,Water
decce1b9-fb76-44fa-9c2e-3d415ff56e8a,11/8/2024 12:00:00 AM,11/22/2024 12:00:00 AM,Texas,Reeves,31.4865,-103.6671,NAD 83.00,10589,3.2275272,25823574,HiRate 635
e0524e61-ad8b-44eb-a844-e0295e8a16c4,11/8/2024 12:00:00 AM,11/22/2024 12:00:00 AM,Texas,Reeves,31.4867,-103.6671,NAD 83.00,10823,3.2988504,26315268,33% Enviro-Syn HCR 7000
7a2b55a9-7abb-4076-8408-f1595f8aaecf,12/14/2024 12:14:00 PM,1/7/2025 3:43:00 AM,Texas,Reeves,31.53408,-103.68435,NAD 83.00,10574,3.2229552,26698056,Other Chemical(s)
70dd41f5-2dbf-4c11-8ae7-f24c22d2e77f,12/14/2024 9:44:00 PM,1/6/2025 9:24:00 PM,Texas,Reeves,31.53408,-103.68441,NAD 83.00,10909,3.3250632,26671092,NHV-91
f6342517-0d21-4d0f-9e5b-10dd29b56e98,12/2/2024 10:53:38 PM,12/17/2024 1:01:56 PM,Texas,Ward,31.390326,-103.12784,NAD 83.00,10721,3.2677608,20443122,NE-227
ba27ebf1-6139-4bde-990d-12234e0f0d69,12/2/2024 10:53:40 PM,12/17/2024 1:01:56 PM,Texas,Ward,31.391115,-103.12891,NAD 83.00,11020,3.358896,20476974,Ingredient Container
1cb726a0-fa63-47e7-aa35-d62b10d3b424,12/20/2024 8:04:00 AM,1/1/2025 2:53:07 AM,Texas,Loving,31.931449,-103.34659,NAD 83.00,10712,3.2650176,22586256,Produced Water
d4f9f7e9-172e-4076-9f96-ae58d7071b21,12/31/2024 1:04:00 AM,2/2/2025 7:16:00 PM,Texas,Loving,31.957369,-103.40878,NAD 83.00,12537,3.8212776,32447142,Peroxymax
0f847b2a-d5b2-4360-a7e1-ae9482c3ac34,12/31/2024 3:33:00 AM,2/2/2025 5:02:00 PM,Texas,Loving,31.957395,-103.40869,NAD 83.00,12648,3.8551104,31884552,DRIFLO 10
5ad84343-1921-48d7-beda-5ae53dd76887,12/31/2024 5:53:00 AM,2/2/2025 2:49:00 PM,Texas,Loving,31.95742,-103.4086,NAD 83.00,12543,3.8231064,31525410,Other Chemical(s)
7e93ebf1-9511-4952-8e30-f151a3086c4a,12/31/2024 8:07:00 PM,2/2/2025 12:33:00 PM,Texas,Loving,31.957446,-103.40851,NAD 83.00,12654,3.8569392,31563462,100 MESH REGIONAL
31b43c05-1504-408b-9b61-b7548d2b1513,3/19/2024 11:43:00 PM,4/23/2024 6:11:00 AM,Texas,Ward,31.56116,-103.24286,NAD 83.00,11026,3.3607248,22395786,Shaleguard 338 WCP
7b16ed64-6706-4021-8968-018a2b00236b,3/19/2024 12:00:00 AM,4/23/2024 8:31:00 AM,Texas,Ward,31.561145,-103.24294,NAD 83.00,11488,3.5015424,22455174,Smart Flo 576
ad7efef6-80f3-4faf-a19d-1e935bce39c9,3/20/2024 1:21:00 PM,4/23/2024 4:48:00 PM,Texas,Ward,31.561088,-103.24317,NAD 83.00,11053,3.3689544,21138894,Hydrochloric Acid (36%)
3b255e10-3d27-4418-b3e2-33ac75e7c869,3/20/2024 10:43:00 AM,4/23/2024 2:29:00 PM,Texas,Ward,31.561107,-103.2431,NAD 83.00,11567,3.5256216,22370502,Sand (100 Mesh Proppant)
b34ec7eb-4a14-4c95-ab28-76657215dc4d,3/20/2024 6:42:00 AM,4/23/2024 11:12:00 AM,Texas,Ward,31.561126,-103.24302,NAD 83.00,11060,3.371088,22035006,Sand (100 Mesh Proppant)
3ff8b0bb-88ce-4498-9ac6-f0ed5abd61b5,3/21/2024 12:00:00 AM,4/6/2024 12:00:00 AM,Texas,Reeves,31.259994,-103.56475,NAD 83.00,10742,3.2741616,35757666,Ingredient Container
b5749c41-3100-47fe-af4c-5f25b9540d14,3/21/2024 12:00:00 AM,4/6/2024 12:00:00 AM,Texas,Reeves,31.260016,-103.56485,NAD 83.00,10715,3.265932,39293940,BioSuite GQ5-2
e5dc4e06-66d8-4f6b-b2aa-df9818198449,3/24/2024 5:24:00 PM,4/19/2024 10:24:00 AM,Texas,Loving,31.823769,-103.33679,NAD 83.00,12230.51,3.727859448,20705458.2,7.5% HCL ACID
fe11146a-fd96-4fed-86e0-df9a99d1693b,3/24/2024 5:24:00 PM,4/19/2024 10:38:00 PM,Texas,Loving,31.825039,-103.33217,NAD 83.00,12271.66,3.740401968,21616971.6,7.5% HCL ACID
32cc4a75-b257-444f-ae2c-c790434c9f5c,3/24/2024 8:50:00 PM,4/19/2024 10:38:00 PM,Texas,Loving,31.823795,-103.3367,NAD 83.00,12277.08,3.742053984,21850768.8,BIONIX GA1203
62e58891-4caf-4703-bde9-4119374bf6e0,3/24/2024 8:50:00 PM,4/19/2024 8:29:00 PM,Texas,Loving,31.825064,-103.33208,NAD 83.00,12206.54,3.720553392,21469753.2,FR-430
b743bd61-3101-49ce-afb9-d86df2ca1387,3/25/2024 12:02:00 AM,4/20/2024 1:00:00 AM,Texas,Loving,31.82382,-103.33661,NAD 83.00,12229.16,3.727447968,22208260.2,Ingredient Container
c01764cf-e011-432e-8bcc-4b01796d4c60,3/25/2024 12:02:00 AM,4/19/2024 8:15:00 AM,Texas,Loving,31.825089,-103.33199,NAD 83.00,12240.42,3.730880016,21366395.4,Ingredient Container
b0c67f5d-a2e5-4284-a160-096cd2b15834,3/25/2024 5:47:00 AM,4/4/2024 9:42:00 AM,Texas,Winkler,31.750113,-103.22259,NAD 83.00,11750.73,3.581622504,20075210.4,15% HCL ACID
1ee54cd9-7793-4df5-bb95-f512eda2a4ae,3/8/2024 12:02:00 PM,4/5/2024 12:27:00 AM,Texas,Reeves,31.276305,-103.57019,NAD 83.00,10755.6093,3.27830971464,46733512.7,Crystalline Silica Quartz
d6b2bf60-894c-4405-be94-70fc8fddef7b,3/8/2024 3:23:00 PM,4/5/2024 9:40:00 AM,Texas,Reeves,31.276269,-103.57,NAD 83.00,10749.8019,3.27653961912,47282683,Water
88cedf30-ab36-4151-86b6-a5fd226b672f,3/8/2024 9:42:00 AM,4/8/2024 8:17:01 AM,Texas,Reeves,31.249389,-103.52147,NAD 83.00,10682,3.2558736,30632565,FightR EC-1
dac9549b-6a0e-46f1-ab8c-a53f75415850,4/1/2024 1:41:00 PM,4/22/2024 7:03:00 PM,Texas,Reeves,31.14543,-103.525,NAD 83.00,10558.9031,3.21835366488,28845900,BIO GQ 123
766c2c5e-0330-4e3d-a09b-0ac99fb8c42c,4/1/2024 4:52:00 PM,4/22/2024 2:05:00 PM,Texas,Reeves,31.14545,-103.525,NAD 83.00,10864.5514,3.31151526672,27345824,SI D100
d39aa2aa-121e-4b98-a794-3c7e0b0e3fe8,4/1/2024 6:30:00 PM,4/22/2024 3:46:00 PM,Texas,Reeves,31.1454,-103.524,NAD 83.00,10844.3802,3.30536708496,27500397,BIO GQ 123
3bd35f8d-749b-485b-8209-0864db57b017,4/10/2024 2:23:00 PM,4/17/2024 4:15:00 AM,Texas,Ward,31.546608,-103.06123,NAD 83.00,12911,3.9352728,22341354,NHV-83
1df8b7b3-2bec-482e-b799-4efa193eeff0,4/10/2024 9:25:00 PM,5/7/2024 4:42:00 AM,Texas,Ward,31.598952,-103.06961,NAD 83.00,15031,4.5814488,22510824,Ingredient Container
0f1b26bb-52b3-4898-a29e-c09df10d0f02,4/13/2024 12:00:00 AM,4/25/2024 12:00:00 AM,Texas,Reeves,31.569435,-103.89958,NAD 83.00,10641.45,3.24351396,20313720,Biosuite GQ 123X
1013ce7e-a760-40ef-83e4-5b792392835e,4/13/2024 12:00:00 AM,4/26/2024 12:00:00 AM,Texas,Reeves,31.569435,-103.89964,NAD 83.00,10913.74,3.326507952,21133602,DGS WTX
d922da59-9144-4f68-b375-10271d7ee606,4/13/2024 12:00:00 AM,4/25/2024 12:00:00 AM,Texas,Reeves,31.569435,-103.89977,NAD 83.00,10602.56,3.231660288,20086206,Biosuite GQ 123X
48d158e0-de07-4a89-8979-97598a8d06f0,4/20/2024 3:46:00 AM,5/10/2024 9:20:00 PM,Texas,Loving,31.968897,-103.80616,NAD 83.00,11710.86,3.569470128,24004318.8,BIOSUITE GQ123X
2150b7f0-e626-46c4-bd0e-d921054da396,4/20/2024 7:46:00 AM,5/10/2024 5:16:00 PM,Texas,Loving,31.969062,-103.80615,NAD 83.00,11093.51,3.381301848,23802403.8,15% HCL ACID
4959f96f-5ce0-47ce-8c58-80f14d00404f,4/27/2024 12:00:00 AM,5/16/2024 12:00:00 AM,Texas,Loving,31.940269,-103.49259,NAD 83.00,12500,3.81,24341940,Ingredient Container
b703a105-8a9b-4a9f-9985-26ab433f035b,4/27/2024 12:00:00 AM,5/16/2024 12:00:00 AM,Texas,Loving,31.940336,-103.4955,NAD 83.00,12700,3.87096,24274572,Ingredient Container
24eea19f-261f-4b31-a4af-0361b2381e1d,4/27/2024 2:27:00 AM,5/12/2024 9:06:00 PM,Texas,Loving,31.969086,-103.81433,NAD 83.00,11665.05,3.55550724,23223643.8,FR-430
6710dd00-1533-458a-99cf-598d0cbf644a,4/27/2024 3:54:00 AM,5/12/2024 5:02:00 PM,Texas,Loving,31.969004,-103.81433,NAD 83.00,11953.03,3.643283544,22509786.6,WATER
32027519-450e-41cd-951f-3e4616fe7196,4/27/2024 5:32:00 AM,5/13/2024 6:12:00 AM,Texas,Loving,31.969251,-103.81433,NAD 83.00,11051.79,3.368585592,21830697,SI-950
8e5df2fd-739d-4cf7-969e-6e3629fa1b28,4/27/2024 6:47:00 AM,5/13/2024 6:12:00 AM,Texas,Loving,31.969169,-103.81433,NAD 83.00,11276.75,3.4371534,21524185.2,Ingredient Container
b3819ca9-f20c-4774-bb15-39ae3261b9bd,4/3/2024 12:00:00 AM,4/12/2024 12:00:00 AM,Texas,Loving,31.796861,-103.70026,NAD 83.00,11547.5,3.519678,21150402,Ingredient Container
abbeac1f-0aed-434b-8106-5550c11f9395,4/4/2024 12:00:00 AM,4/12/2024 12:00:00 AM,Texas,Loving,31.796861,-103.70016,NAD 83.00,11645.64,3.549591072,20921124,Water
268a0def-3c8e-4b5e-9ee7-3acb782af15d,4/5/2024 8:49:00 AM,4/24/2024 2:22:00 AM,Texas,Reeves,31.289625,-103.21336,NAD 83.00,10924,3.3296352,30989643,GB-2
2cfe134a-63f3-45e7-a06c-657e55cf7169,4/9/2024 8:09:00 PM,5/4/2024 4:27:00 AM,Texas,Ward,31.598931,-103.06969,NAD 83.00,14877,4.5345096,22447614,NovaGuard CCS 1
3b494453-9e55-4089-a382-e9f1d0f10eef,5/19/2024 12:00:00 AM,5/30/2024 12:00:00 AM,Texas,Reeves,31.1375,-103.5491,NAD 83.00,10828,3.3003744,25393284,Sand
c69bc77a-41a3-40e7-9806-33c34ae0ed10,5/19/2024 12:00:00 AM,5/30/2024 12:00:00 AM,Texas,Reeves,31.1375,-103.54923,NAD 83.00,10848,3.3064704,26451936,HiRate 635
7615c00c-29f5-4fbd-bb73-e0796dfb6089,5/23/2024 3:36:53 AM,6/17/2024 1:16:14 AM,Texas,Ward,31.566377,-103.22272,NAD 83.00,10921,3.3287208,24131310,CIA-12
cc0e09aa-2180-4287-a528-de028f254140,5/23/2024 3:36:53 AM,6/17/2024 1:16:14 AM,Texas,Ward,31.566327,-103.2229,NAD 83.00,10923,3.3293304,24216360,100 Mesh
b90a8b71-ce6f-49a9-bf1a-007b266218e9,5/23/2024 9:55:29 AM,6/17/2024 4:17:46 AM,Texas,Ward,31.566402,-103.22263,NAD 83.00,11312,3.4478976,24151974,Ingredient Container
3d51667b-f4bc-4feb-87e4-3b3021dfc1b3,6/11/2024 12:00:00 AM,6/23/2024 12:00:00 AM,Texas,Reeves,31.2742,-103.27667,NAD 83.00,10634,3.2412432,26083050,Sand
a45d6b22-af99-4031-80c7-47a5d288ef43,6/12/2024 12:00:00 AM,7/2/2024 12:00:00 AM,Texas,Reeves,31.2742,-103.2831,NAD 83.00,10580,3.224784,24295824,ScaleCease 7103
db96eeec-e66c-44a9-8fcd-7868a5871ddc,6/12/2024 12:00:00 AM,7/2/2024 12:00:00 AM,Texas,Reeves,31.2742,-103.28338,NAD 83.00,10580,3.224784,24451518,Ingredient Container
8bfd9ecf-d3c7-4a8f-8da5-7e984123562a,6/19/2024 5:37:39 PM,7/5/2024 7:27:20 AM,Texas,Ward,31.540883,-103.20482,NAD 83.00,10598,3.2302704,23057706,15% HCl
dd716564-485d-420c-b09d-6eab0621d6db,6/20/2024 6:50:00 PM,7/4/2024 1:05:00 AM,Texas,Ward,31.439935,-103.26334,NAD 83.00,11201.3443,3.41416974264,25275419,Crystalline Silica Quartz
96478324-b46d-4f4c-a963-3beea61c2c8f,6/21/2024 12:42:00 AM,7/3/2024 4:50:00 PM,Texas,Ward,31.439872,-103.26326,NAD 83.00,11174.0066,3.40583721168,24151151,MCS-376
f1242472-fb52-4853-8190-786b7cf04b0b,6/28/2024 2:23:00 PM,7/9/2024 10:22:00 PM,Texas,Loving,31.859244,-103.436,NAD 83.00,13000,3.9624,22837962,7.5% HCl
9916a7d9-fc64-4c58-af09-708d69fdd9b1,6/28/2024 7:39:00 AM,7/28/2024 6:34:00 PM,Texas,Reeves,31.24617,-103.18076,NAD 83.00,10614,3.2351472,52058230,Ingredient Container
a4725a17-225b-49a4-a2d5-4f2071f6a932,6/8/2024 10:14:00 PM,6/24/2024 4:25:00 PM,Texas,Ward,31.564936,-103.22801,NAD 83.00,11237,3.4250376,21975407,SI-625(D-100)
974c6ebd-78fb-4435-ba32-b54242a5587a,6/8/2024 6:41:00 PM,6/24/2024 2:07:00 PM,Texas,Ward,31.565006,-103.22806,NAD 83.00,10796,3.2906208,21160052,Total 4
8b8090fb-05ca-4d70-8b55-e30bb2c0746a,6/9/2024 1:07:00 AM,6/24/2024 7:05:00 PM,Texas,Ward,31.565076,-103.22811,NAD 83.00,11183,3.4085784,22154230,FR-533
0ac1f374-2e1d-4aec-b5d3-527b72ad7c68,7/1/2024 10:47:00 PM,7/21/2024 11:08:00 PM,Texas,Ward,31.565901,-103.14099,NAD 83.00,11091.0542,3.38055332016,29626370,HCL-15
269bbbe6-46cf-4c72-a004-2ad2b2ebcc9a,7/1/2024 11:26:00 PM,7/22/2024 4:55:00 PM,Texas,Ward,31.565822,-103.14096,NAD 83.00,10919.6247,3.32830160856,23689727,CSA-2400
5383e89a-cc20-4c30-ae7d-2a082dc84223,7/1/2024 9:29:00 PM,7/22/2024 2:51:00 PM,Texas,Ward,31.565979,-103.14101,NAD 83.00,10943.7668,3.33566012064,23117658,BioRCK-1038
ba6a9fe7-6bc8-4eaa-b70d-28bcb63fd83c,7/11/2024 12:00:00 AM,7/31/2024 12:00:00 AM,Texas,Loving,31.9678,-103.4291,NAD 83.00,13115,3.997452,22118334,IC621-Iron Control
90f11d56-7d06-469a-99b6-8833aa0983fb,7/11/2024 9:48:00 PM,7/27/2024 4:12:00 AM,Texas,Loving,31.899097,-103.39704,NAD 83.00,12145,3.701796,22402716,NHV-83
7e54782b-7fdc-4d11-82a9-1a2f5683ab24,7/12/2024 12:00:00 AM,8/1/2024 12:00:00 AM,Texas,Loving,31.9677,-103.4291,NAD 83.00,13124,4.0001952,21695772,Water
60fc97ac-e6de-4276-9a7f-eeef1914a832,7/12/2024 8:34:00 AM,7/27/2024 6:47:00 AM,Texas,Loving,31.899122,-103.39694,NAD 83.00,12314,3.7533072,22358196,AIM1015
1028b4b1-4fb8-491f-8d1f-449e8dd18590,7/16/2024 1:06:00 PM,7/31/2024 7:16:00 PM,Texas,Winkler,31.73088,-103.18518,NAD 83.00,15796,4.8146208,27711623,Fincide GQ 25
bf06610e-515f-401d-abaf-0dd57754ef83,7/16/2024 12:00:00 AM,8/5/2024 12:00:00 AM,Texas,Reeves,31.532436,-103.59628,NAD 83.00,10665,3.250692,22622586,Hydrochloric acid (15%)
c0f81ea8-09ba-4515-b1e2-244ee63ce0ad,7/16/2024 12:00:00 AM,8/5/2024 12:00:00 AM,Texas,Reeves,31.532438,-103.5962,NAD 83.00,10529,3.2092392,20812260,TX Local 40/70 mesh Sand - per 100 lbs
52c5dc13-8d53-4eca-bb62-2b982470c0ff,7/16/2024 4:14:00 AM,7/31/2024 10:29:00 AM,Texas,Winkler,31.730905,-103.18509,NAD 83.00,14812,4.5146976,26629923,Water
7070a71c-cd2b-431a-b34e-c60f3ab5c34d,7/18/2024 4:04:00 AM,8/14/2024 2:23:00 AM,Texas,Reeves,31.211616,-103.54699,NAD 83.00,10812.3184,3.29559464832,26870482,Other Chemical(s)
d118ef71-ce10-4216-978b-09586a73ec89,7/18/2024 4:17:00 PM,8/13/2024 7:47:00 PM,Texas,Reeves,31.211641,-103.54714,NAD 83.00,10770.7742,3.28293197616,27194216,SFT-B634
0a668db7-ad27-4f23-aae7-a634da11a5ba,7/24/2024 10:42:00 PM,8/11/2024 11:47:00 PM,Texas,Loving,31.870669,-103.79175,NAD 83.00,11687.2012,3.56225892576,21896403,AI1-B688
e10d5517-dff0-4920-bce9-d84ffee31dce,7/24/2024 5:13:27 AM,9/2/2024 1:37:08 PM,Texas,Winkler,31.720031,-103.32242,NAD 83.00,12050,3.67284,21066780,100 MESH REGIONAL
90e4b52c-6a7f-4b34-a70d-2476e19b3246,7/24/2024 6:28:25 AM,7/31/2024 7:03:29 AM,Texas,Winkler,31.71995,-103.32239,NAD 83.00,12718,3.8764464,21527688,Peroxymax
def50487-c4d7-4738-9ea3-63573fee9a4f,7/24/2024 9:36:22 AM,9/2/2024 3:51:26 PM,Texas,Winkler,31.719872,-103.32236,NAD 83.00,12057,3.6749736,20788026,AIM1015
fbebd8a6-6d9f-4835-a91e-9cc9dd299be1,7/25/2024 6:14:00 AM,8/11/2024 6:06:00 PM,Texas,Loving,31.87067,-103.792,NAD 83.00,11407.9776,3.47715157248,20957197,AI1-B688
eb4919f7-b051-487b-a343-cc2c03f466a4,7/27/2024 12:00:00 AM,8/13/2024 12:00:00 AM,Texas,Reeves,31.3854,-103.3255,NAD 83.00,10818,3.2973264,22472940,ScaleCease 7103
53632eb6-e2b9-492b-8b5e-58ef340d461a,7/28/2024 3:23:47 PM,8/10/2024 10:48:14 AM,Texas,Loving,31.899367,-103.40575,NAD 83.00,12321,3.7554408,21401520,Peroxymax
9e5c7710-cee2-4f47-9000-762b81f9f4f0,7/6/2024 11:21:00 PM,7/21/2024 9:53:00 PM,Texas,Ward,31.443665,-103.23798,NAD 83.00,11241.0933,3.42628523784,23655652,Other Chemical(s)
5c4fd0d3-5608-4018-a799-47268a6c41db,7/7/2024 5:46:00 AM,7/21/2024 9:19:00 AM,Texas,Ward,31.443734,-103.23805,NAD 83.00,11239.3869,3.42576512712,23963323,Water
6e2ee430-80f4-4a47-81e5-f714bba251c5,7/8/2024 12:41:00 AM,7/24/2024 12:29:00 PM,Texas,Ward,31.459084,-103.25309,NAD 83.00,11300,3.44424,33752124,ProCross 170
77fe87e5-eb8e-4099-8b41-5ead181c5140,8/10/2024 12:00:00 AM,9/1/2024 12:00:00 AM,Texas,Ward,31.5831,-103.34061,NAD 83.00,11596,3.5344608,21056952,ROC-FR2471
7e709091-4997-4bf4-bf9c-473243d7615b,8/10/2024 12:00:00 AM,9/1/2024 12:00:00 AM,Texas,Ward,31.583074,-103.34065,NAD 83.00,11536,3.5161728,20639976,Ingredient Container
431fa07c-077f-44a1-976a-203017d28b0a,8/13/2024 1:46:00 PM,9/24/2024 5:40:00 PM,Texas,Reeves,31.290588,-103.64025,NAD 83.00,10548.704,3.2152449792,34994660,SCI-68
140ace2f-c6e0-475a-9ff3-04d240a2ad1d,8/13/2024 12:00:00 AM,8/30/2024 12:00:00 AM,Texas,Reeves,31.482485,-103.84082,NAD 83.00,10667.69,3.251511912,21561540,HiRate 635
28f62f33-5959-4830-87e4-f82a08dac199,8/13/2024 12:00:00 AM,8/28/2024 12:00:00 AM,Texas,Reeves,31.481878,-103.83145,NAD 83.00,10695.7,3.26004936,21795732,DGS WTX
9d3e1e5a-c0c2-442e-9cd1-cd2db38a83a4,8/13/2024 12:00:00 AM,8/30/2024 12:00:00 AM,Texas,Reeves,31.482485,-103.84061,NAD 83.00,10702.79,3.262210392,21629076,Water
e7b359a8-97e6-4f48-9f4a-7dffc0323fc0,8/13/2024 4:11:00 AM,8/29/2024 4:30:00 PM,Texas,Reeves,31.290598,-103.64628,NAD 83.00,10519.8879,3.20646183192,21935512,SFT-462BIO
3d7c93f7-8e42-470c-83a2-6af278479e66,8/14/2024 1:03:00 AM,9/24/2024 6:23:00 AM,Texas,Reeves,31.290723,-103.64042,NAD 83.00,10561.4098,3.21911770704,37630613,Recycled Water
6fca9dee-f4c3-432b-8384-7aae94319a60,8/29/2024 4:14:49 PM,9/24/2024 11:35:34 AM,Texas,Winkler,31.670705,-103.21406,NAD 83.00,11635,3.546348,24947580,NE-227
23e037a2-35de-4efb-801f-65b37cc8e558,8/5/2024 12:00:00 AM,8/16/2024 12:00:00 AM,Texas,Reeves,31.3903,-103.5366,NAD 83.00,10893,3.3201864,29208480,ScaleCease 7103
345ef389-e6b7-4a16-9f09-a004899fb348,8/5/2024 12:00:00 AM,8/16/2024 12:00:00 AM,Texas,Reeves,31.3903,-103.5364,NAD 83.00,10906,3.3241488,28281960,BioSuite GQ5-2
72ec3e30-bf24-4e78-8181-f888550918fb,8/7/2024 12:00:00 AM,8/26/2024 12:00:00 AM,Texas,Reeves,31.537683,-103.58779,NAD 83.00,10640,3.243072,20363784,ViscStim 150-AE-48
081f40c5-f28d-479d-85c2-4b8391ac1698,8/8/2024 12:00:00 AM,8/29/2024 12:00:00 AM,Texas,Ward,31.5851,-103.34355,NAD 83.00,11592,3.5332416,24315228,International Chemicals 12:3
67d85a0f-81f0-4dec-915b-a20500a4676f,8/8/2024 12:00:00 AM,8/28/2024 12:00:00 AM,Texas,Ward,31.5845,-103.3661,NAD 83.00,11284,3.4393632,24691632,NE116-Plexbreak 116
89043ae6-ae46-4e42-be6f-463d65ecc807,8/8/2024 12:00:00 AM,8/28/2024 12:00:00 AM,Texas,Ward,31.584526,-103.33425,NAD 83.00,11259,3.4317432,24106824,IC621-Iron Control
af00cf8d-7c15-4c04-8e9c-a32cca90112d,8/8/2024 12:00:00 AM,8/29/2024 12:00:00 AM,Texas,Ward,31.5852,-103.3435,NAD 83.00,11591,3.5329368,24756060,IC621-Iron Control
cb2b1a82-630e-4f2c-a995-622cf67b0864,8/8/2024 12:00:00 AM,8/29/2024 12:00:00 AM,Texas,Ward,31.5846,-103.3424,NAD 83.00,11627,3.5439096,22811124,HYDROCHLORIC ACID HCI 18%
3af6f92b-e9f8-455a-9176-fb3261b78bf8,8/9/2024 12:00:00 AM,9/1/2024 12:00:00 AM,Texas,Ward,31.5838,-103.34162,NAD 83.00,11230,3.422904,20642622,CI200-Corrosion Inhibitor
9e38bb63-9283-4579-b4fe-a19d328f92d7,8/9/2024 12:00:00 AM,8/31/2024 12:00:00 AM,Texas,Ward,31.5837,-103.34158,NAD 83.00,11289,3.4408872,21056952,ROC-FR2471
e26f9776-6b50-4588-be5a-a7d1b3c8c4de,8/9/2024 12:00:00 AM,8/25/2024 12:00:00 AM,Texas,Reeves,31.3868,-103.5288,NAD 83.00,10870,3.313176,27991278,HiRate 635
f733f3a6-46fe-4a49-aa9a-67a7775f791c,8/9/2024 12:00:00 AM,8/24/2024 12:00:00 AM,Texas,Reeves,31.3866,-103.5281,NAD 83.00,10930,3.331464,27364134,Water
fa323a22-532c-4bbc-95ac-b1d039ee7222,8/9/2024 12:00:00 AM,9/1/2024 12:00:00 AM,Texas,Ward,31.583883,-103.3415,NAD 83.00,11234,3.4241232,24458490,IC621-Iron Control
e4a668c4-2fd7-4183-a644-fdd2b570ffb3,9/27/2024 6:13:23 AM,10/10/2024 3:54:03 AM,Texas,Ward,31.508522,-103.15491,NAD 83.00,15007,4.5741336,28289772,Water
06474ff9-6e73-41ee-9572-b4a62bd43ca4,9/28/2024 7:55:00 PM,10/12/2024 5:40:00 AM,Texas,Culberson,31.839971,-104.05671,NAD 83.00,10541,3.2128968,23980320,AIM1015
e470fb67-bc4e-4448-834d-6e9ff1b0bf74,9/3/2024 4:26:14 PM,10/14/2024 2:32:00 AM,Texas,Reeves,31.548207,-103.76754,NAD 83.00,10685,3.256788,25836216,NCI-24
2ffe3a70-f7fb-4fa9-b1f2-841aac4e6ae6,9/3/2024 8:22:00 AM,10/14/2024 12:05:00 AM,Texas,Reeves,31.548207,-103.76735,NAD 83.00,10798,3.2912304,25763262,Ingredient Container
09d65a32-7c4e-4ce3-acc1-681c11b6f0be,9/4/2024 1:26:43 AM,9/30/2024 11:37:00 AM,Texas,Loving,31.665266,-103.41796,NAD 83.00,12292,3.7466016,20761650,Other Chemical(s)
09e6b4e3-3ce4-46f2-acec-7403751e8503,9/4/2024 1:45:37 AM,9/16/2024 11:58:36 PM,Texas,Culberson,31.868027,-104.0512,NAD 83.00,10576,3.2235648,21802032,ASP301
d351b9d5-edac-421c-bbd0-e4f5406c7d7a,9/4/2024 3:49:50 AM,9/29/2024 4:04:00 AM,Texas,Loving,31.666578,-103.42352,NAD 83.00,10740,3.273552,23403450,Water
1031b31f-3dbc-4ee0-bcbc-e93fb7eb7d01,9/6/2024 3:10:00 PM,9/17/2024 1:18:00 AM,Texas,Loving,31.764353,-103.67105,NAD 83.00,11700.0354,3.56617078992,22011377,CSA-2400
3bd7dced-adf4-4f04-97fe-4ce1ab82d612,9/6/2024 8:53:00 AM,9/17/2024 4:19:00 PM,Texas,Loving,31.764268,-103.67113,NAD 83.00,11372.0927,3.46621385496,22392325,HCL-7.5